Street:  43 Mac Thi Buoi Street, Ben Nghe Ward, District 1

City:   Ho Chi Minh City

State/province/area:    Ho Chi Minh City

Phone number  (84-8) 3829 9028

Country calling code  +94

Country  Vietnam
Street:  365 - 367 Hoang Quoc Viet, Ward Nghia Tan, District Cau Giay

City:   Ha Noi

State/province/area:    Hanoi

Phone number  04. 3791 5667

Country calling code  +94

Country  Vietnam
Street:  Building Buu dien Chi Linh, 233 Pho Nguyen Trai 2

City:   Sao Do

State/province/area:    Hai Duong

Phone number  03203. 586 522

Country calling code  +94

Country  Vietnam
Street:  No. 34A Han Thuyen, District Hai Ba Trung

City:   Ha Noi

State/province/area:    Hanoi

Phone number  04.3933 4790

Country calling code  +94

Country  Vietnam
Street:  Tay Dang Town, Ba Vi Dist

City:  Ba Vi Dist

State/province/area:   Ha Tay

Phone number  (84-34) 386 4367

Country calling code  +94

Country  Vietnam
Street:  35 LE QUANG SUNG STREET, WARD 2, DISTRICT 6

City:   Ho Chi Minh City

State/province/area:    Ho Chi Minh City

Phone number  (84 - 8) 3855 6365

Country calling code  +94

Country  Vietnam
Street:  15A1 Cat Linh Street

City:   Dong Da District

State/province/area:    Hanoi

Phone number  (84-4) 38 233 892/(84-4) 37 321 379/(84-4) 37 330 467/(84-4) 38 233 892/(84-4) 37 322 344

Country calling code  +94

Country  Vietnam
Street:  257 Dien Bien Phu, Ward 7, Dist.3

City:   Ho Chi Minh City

State/province/area:    Ho Chi Minh City

Phone number  (08) 39303160

Country calling code  +94

Country  Vietnam
Street:  F1802b, M3-m4 Building, 91 Nguyen Chi Thanh

City:   Hanoi

State/province/area:    Hanoi

Phone number  84-4-2751014

Country calling code  +94

Country  Vietnam
Street:  75/16 Go Dau Street, Tan Quy Ward

City:   Tan Phu District

State/province/area:    Ho Chi Minh City

Phone number  (84-8) 35 590 864

Country calling code  +94

Country  Vietnam
Street:  27 B8 Dam Trau New Urban Area

City:   Hai Ba Trung Dist.

State/province/area:    Hanoi

Phone number  (84-8) 9974999

Country calling code  +94

Country  Vietnam
Street:  Hamlet Binh Tien 1, lo 825

City:   Xa Duc Hoa Ha

State/province/area:    Long An

Phone number  072. .3 763.9725

Country calling code  +94

Country  Vietnam
Street:  E4/52 Group 5, Binh Tri Dong Hamlet

City:   Binh Chanh Dist.

State/province/area:    Ho Chi Minh City

Phone number  (08) 38770781/37540433

Country calling code  +94

Country  Vietnam
Street:  Lo 9, C, Industrial zones Tan Tao

City:   Binh Tan

State/province/area:    Ho Chi Minh City

Phone number  08. 7542186

Country calling code  +94

Country  Vietnam
Street:  1/22A Au Co St., Tan Son Nhi Ward

City:   Tan Phu Dist.

State/province/area:    Ho Chi Minh City

Phone number  (84-4) 5143880

Country calling code  +94

Country  Vietnam
Street:  88/3 Ba Huyen Thanh Quan St., Ward 9, Dist. 3

City:   Ho Chi Minh City

State/province/area:    Ho Chi Minh City

Phone number  (84-8) 8336437/8302711

Country calling code  +94

Country  Vietnam
Street:  2201 Hung Vuong Avenue, Viet Tri City

City:  Viet Tri City

State/province/area:   Phu Tho

Phone number  (84-210) 3 848 861

Country calling code  +94

Country  Vietnam
Street:  NGUYEN TRAI STREET, BA DINH WARD, THANH HOA CITY

City:   Thanh Hoa Province

State/province/area:    Thanh Hoa

Phone number  (84-37) 3 854 552

Country calling code  +94

Country  Vietnam
Street:  Rm.204, 35 Nguyen Hue, Dist.1

City:   Ho Chi Minh City

State/province/area:    Ho Chi Minh City

Phone number  (08) 38214094

Country calling code  +94

Country  Vietnam
Street:  10 Ho Xuan Huong Street

City:   Hai Ba Trung District.

State/province/area:    Hanoi

Phone number  (84-4) 38 228 572

Country calling code  +94

Country  Vietnam
Street:  287 Nguyen Thien Thuat, Ward 1, District 3

City:   Ho Chi Minh City

State/province/area:    Ho Chi Minh City

Phone number  84-8833-7235

Country calling code  +94

Country  Vietnam
Street:  69, Thanh My Street, Ward 8

City:   Tan Binh District

State/province/area:    Ho Chi Minh City

Phone number  84-08-8643336

Country calling code  +94

Country  Vietnam
Street:  18 Ba Trieu Street, Cham Mat Ward

City:  Cham Mat Ward

State/province/area:   Hoa Binh

Phone number  (84-18) 385 2043

Country calling code  +94

Country  Vietnam
Street:  104 Pho Duc Chinh Street

City:   Ba Dinh District

State/province/area:    Hanoi

Phone number  (84-4) 37 162 878

Country calling code  +94

Country  Vietnam
Street:  Binh Duc 1

City:   Duc Hanh

State/province/area:    Binh Phuoc

Phone number  (84-651) 3 778 664

Country calling code  +94

Country  Vietnam
Street:  Hanoi Tung Shing Square, 20 Ngo Quyen Street

City:   Hoan Kiem District

State/province/area:    Hanoi

Phone number  (84-4) 38 257 067/(84-4) 38 243 990/(84-4) 38 267 855

Country calling code  +94

Country  Vietnam
Street:  10 - 11 Nguyen Ai Quoc, KP 8

City:   Bien Hoa

State/province/area:    Dong Nai

Phone number  061. 887 1614

Country calling code  +94

Country  Vietnam
Street:  8 Hoang Dieu Street, Ward 1

City:   Vung Tau City

State/province/area:    Ba Ria-Vung Tau

Phone number  (84-64) 3850080

Country calling code  +94

Country  Vietnam
Street:  39/3 Tran Nhat Duat Street, Tan Dinh Ward, District 1

City:   Ho Chi Minh City

State/province/area:    Ho Chi Minh City

Phone number  (84-8) 38 480 035

Country calling code  +94

Country  Vietnam
Street:  12 Nam Ky Khoi Nghia, Nguyen Thai Binh Ward, Dist.1

City:   Ho Chi Minh City

State/province/area:    Ho Chi Minh City

Phone number  (08) 39143337

Country calling code  +94

Country  Vietnam
Street:  50 Phu Tai Street, Quy Nhon City

City:  Quy Nhon City

State/province/area:   Binh Dinh

Phone number  (84-56) 3 641 594

Country calling code  +94

Country  Vietnam
Street:  Chua Thong Street, Son Loc Ward, Son Tay Town

City:   Ha Tay

State/province/area:    Hanoi

Phone number  (84-34) 3 832 256

Country calling code  +94

Country  Vietnam
Street:  177 Dien Bien Phu

City:  Hcmc

State/province/area:   Hcmc

Phone number  84-90-6274687

Country calling code  +94

Country  Vietnam
Street:  1/120 Dinh Cong

City:   Thanh Xuan Dist.

State/province/area:    Hanoi

Phone number  (04) 38644835

Country calling code  +94

Country  Vietnam
Street:  22 Doc Lap Street

City:   Song Than Iz

State/province/area:    Binh Duong

Phone number  (84-650) 3 732 542

Country calling code  +94

Country  Vietnam
Street:  Binh Son

City:   Van Hai

State/province/area:    Ninh Thuan

Phone number  (84-68) 389 0055

Country calling code  +94

Country  Vietnam
Street:  21 Ha Huy Tap street, Phu My Hung, Tan Phong Ward

City:   Tan Phong Ward

State/province/area:    Ho Chi Minh City

Phone number  (84-8) 54 121 615

Country calling code  +94

Country  Vietnam
Street:  424-48B Nguyen Thuong Hien St., Ward 4, Dist. 3

City:   Ho Chi Minh City

State/province/area:    Ho Chi Minh City

Phone number  (84-8) 8411725

Country calling code  +94

Country  Vietnam
Street:  13 Vo Thi Sau, May To Ward

City:   Ngo Quyen Dist.

State/province/area:    Haiphong

Phone number  31-3836724/3836036

Country calling code  +94

Country  Vietnam
Street:  216 Le Van Sy St., Ward 10

City:   Phu Nhuan Dist.

State/province/area:    Ho Chi Minh City

Phone number  (84-67) 867317/862317

Country calling code  +94

Country  Vietnam
Street:  166-172 Street 1, Binh Tri Dong B Ward

City:   Binh Tan District

State/province/area:    Ho Chi Minh City

Phone number  (84-8) 37513080

Country calling code  +94

Country  Vietnam
Street:  76 Nguyen Chi Thanh Street

City:   Dong Da District

State/province/area:    Hanoi

Phone number  (84-4) 37 756 711

Country calling code  +94

Country  Vietnam
Street:  157-159 Xuan Hong Street, Ward 12

City:   Tan Binh District

State/province/area:    Ho Chi Minh City

Phone number  (84-8) 38 117 433

Country calling code  +94

Country  Vietnam
Street:  308 Lanh Binh Thang, Ward 11, Dist.11

City:   Ho Chi Minh City

State/province/area:    Ho Chi Minh City

Phone number  (08) 62640738/62640736

Country calling code  +94

Country  Vietnam
Street:  7 Str. 19, St1 IZ.

City:   Di An Townlet

State/province/area:    Binh Duong

Phone number  (650) 3732476

Country calling code  +94

Country  Vietnam
Street:  Thanh Tri Ward

City:   Hoang Mai Dist.

State/province/area:    Hanoi

Phone number  (04) 90440398/90440909/90

Country calling code  +94

Country  Vietnam
Street:  Lot 6, Area B1, Hiep Thanh Ward

City:   Hiep Thanh Ward

State/province/area:    Ho Chi Minh City

Phone number  (08) 37175852

Country calling code  +94

Country  Vietnam
Street:  549 TRUONG CHINH STREET, WARD 14

City:   Tan Binh District

State/province/area:    Ho Chi Minh City

Phone number  (84-8) 6200 2456

Country calling code  +94

Country  Vietnam
Street:  585 Hoang Lien StreetKim Tan Ward, City

City:  Lao Cai City

State/province/area:   Lao Cai

Phone number  (84-20) 2 211 867

Country calling code  +94

Country  Vietnam
Street:  62A Pham Ngoc Thach, Ward 6, Dist.3

City:   Ho Chi Minh City

State/province/area:    Ho Chi Minh City

Phone number  (08) 38208453

Country calling code  +94

Country  Vietnam
Street:  34 Tran Nhat Duat, Nha Trang City

City:  Nha Trang City

State/province/area:   Khanh Hoa

Phone number  (84-58)387 7961

Country calling code  +94

Country  Vietnam
Street:  No. 49 Nguyen Thai Hoc, Son Tay

City:   Ha Noi

State/province/area:    Hanoi

Phone number  043. 3.833311

Country calling code  +94

Country  Vietnam
Street:  103 Quang Trung, Quang Trung Ward

City:   Nam Dinh City

State/province/area:    Nam Dinh

Phone number  350-3383799

Country calling code  +94

Country  Vietnam
Street:  12-14 Tran Phu Street, Nha Trang City

City:  Nha Trang City

State/province/area:   Khanh Hoa

Phone number  (84-58) 3820309

Country calling code  +94

Country  Vietnam
Street:  492/34/104 St. 30/4

City:   Rach Dua Ward

State/province/area:    Ba Ria-Vung Tau

Phone number  (84-8) 9305020

Country calling code  +94

Country  Vietnam
Street:  216D XO VIET NGHE TINH STREET, WARD 21

City:   Binh Thanh District

State/province/area:    Ho Chi Minh City

Phone number  (84-8) 3512 0771

Country calling code  +94

Country  Vietnam
Street:  69 Nguyen Huy Dien Street, Ward 7

City:   Go Vap District

State/province/area:    Ho Chi Minh City

Phone number  (84-8) 3984 1016/(84-8) 3894 2731/(84-8) 3984 1042

Country calling code  +94

Country  Vietnam
Street:  20B Phan Chu Trinh St., Tan Thanh Ward

City:   Tan Phu Dist.

State/province/area:    Ho Chi Minh City

Phone number  (84-8) 9973751/9971449

Country calling code  +94

Country  Vietnam
Street:  54 Phung Van Cung St.

City:   Phu Nhuan Dist.

State/province/area:    Ho Chi Minh City

Phone number  84-08-9954246

Country calling code  +94

Country  Vietnam
Street:  249 Hoang Quoc Viet

City:   Cau Giay Dist.

State/province/area:    Hanoi

Phone number  (04) 37670334/38361767

Country calling code  +94

Country  Vietnam
Street:  15A Yersin St.

City:   Phu Cuong Ward

State/province/area:    Binh Duong

Phone number  (84-8) 8436722

Country calling code  +94

Country  Vietnam
Street:  384 Cach Mang Thang 8, Ward 4

City:   Tan Binh Dist.

State/province/area:    Ho Chi Minh City

Phone number  (08) 38446412

Country calling code  +94

Country  Vietnam
Street:  423 Nguyen Khang St., Yen Hoa Ward

City:   Cau Giay Dist

State/province/area:    Hanoi

Phone number  7840929/7840685

Country calling code  +94

Country  Vietnam
Street:  129 Tran Phu Street

City:   Thanh Hoa

State/province/area:    Ho Chi Minh City

Phone number  (84-37) 3853 563

Country calling code  +94

Country  Vietnam
Street:  Kha Van Can, Area 4, Hiep Binh Chanh Ward

City:   Thu Duc Dist.

State/province/area:    Ho Chi Minh City

Phone number  (08) 37266356

Country calling code  +94

Country  Vietnam
Street:  243a Bui Dinh Tuy street, Ward 24

City:   Binh Thanh District

State/province/area:    Ho Chi Minh City

Phone number  (84-8) 38998564

Country calling code  +94

Country  Vietnam
Street:  1170 Nguyen Trung Truc Street

City:   An Binh Ward

State/province/area:    Kien Giang

Phone number  (84-77) 3 918 720/(84-77) 38 601 550

Country calling code  +94

Country  Vietnam
Street:  268 MY DO STREET, BAC GIANG CITY

City:  Bac Giang City

State/province/area:   Bac Giang

Phone number  (84-240) 3 854 795

Country calling code  +94

Country  Vietnam
Street:  274, Hung Vuong Street

City:   Hue City

State/province/area:    Thua Thien Hue

Phone number  (84-54) 3 826 985

Country calling code  +94

Country  Vietnam
Street:  135 Nguyen Viet Xuan Street, Vinh City

City:  Vinh City

State/province/area:   Nghe An

Phone number  (84-38) 3844553/(84-38) 3833897/(84-38) 3842926

Country calling code  +94

Country  Vietnam
Street:  Collective Academy of Finance, Group 10, Cau Dien Town

City:   Tu Liem District

State/province/area:    Hanoi

Phone number  (84-4) 6 278 4483/(84-4) 6 278 4498

Country calling code  +94

Country  Vietnam
Street:  521 - 521A Ly Thuong Kiet, Ward 8

City:   District Tan Binh

State/province/area:    Ho Chi Minh City

Phone number  08. 3971 7042

Country calling code  +94

Country  Vietnam
Street:  160A1 Xo Viet Nghe Tinh Street, Ward 21

City:   Binh Thanh District

State/province/area:    Ho Chi Minh City

Phone number  (84-8) 3512 2272

Country calling code  +94

Country  Vietnam
Street:  10 Le Thi Rieng, Ben Thanh Ward, Dist.1

City:   Ho Chi Minh City

State/province/area:    Ho Chi Minh City

Phone number  (08) 39252662

Country calling code  +94

Country  Vietnam
Street:  Cong Hoa Commune

City:   Yen Hung District

State/province/area:    Quang Ninh

Phone number  (84-33) 3 875 360

Country calling code  +94

Country  Vietnam
Street:  89 Pham Phu Thu St., Ward 11

City:   Tan Binh Dist.

State/province/area:    Ho Chi Minh City

Phone number  (84-8) 9635767/9635768/9633940

Country calling code  +94

Country  Vietnam
Street:  1425 - 1427, Area My Toan 2, Tan Phong

City:   Tan Phong

State/province/area:    Ho Chi Minh City

Phone number  08.54122974 - 08.54123137

Country calling code  +94

Country  Vietnam
Street:  207 Mai Xuan Thuong StreetWard 6, District 6

City:   Ho Chi Minh City

State/province/area:    Ho Chi Minh City

Phone number  (84-8) 3 960 3131/(84-8) 3 969 3592

Country calling code  +94

Country  Vietnam
Street:  No. 27 Quang Trung, Buon Me Thuot

City:  Buon Me Thuot

State/province/area:   Dak Lak

Phone number  0500. 3.814047

Country calling code  +94

Country  Vietnam
Street:  12 Dien Bien Phu

City:   Hoan Kiem

State/province/area:    Hanoi

Phone number  04.37478310

Country calling code  +94

Country  Vietnam
Street:  304 Provincial Road 741, Rural 10, Ha Long

City:   Binh Phuoc Province

State/province/area:    Binh Phuoc

Phone number  (84-651) 3 776 277

Country calling code  +94

Country  Vietnam
Street:  Lot 22A, Road B, Linh Trung II EPZ.

City:   Thu Duc Dist.

State/province/area:    Ho Chi Minh City

Phone number  (08) 37291841

Country calling code  +94

Country  Vietnam
Street:  33 Dang Thi Nhu St., Nguyen Thai Binh Ward, Dist. 1

City:   Ho Chi Minh City

State/province/area:    Ho Chi Minh City

Phone number  (84-8) 8219298/8219233

Country calling code  +94

Country  Vietnam
Street:  27A Huynh Thuc Khang Street

City:   Dong Da District

State/province/area:    Hanoi

Phone number  (84-4) 7 733510

Country calling code  +94

Country  Vietnam
Street:  Industrial zones Yen Phong, Yen Phong

City:  Yen Phong

State/province/area:   Bac Ninh

Phone number  0241. 3.689210

Country calling code  +94

Country  Vietnam
Street:  Amata Industrial Zone 104/1 Street 2, Lot 2

City:   Long Binh Ward

State/province/area:    Dong Nai

Phone number  (84-61) 3 892 210/(84-61) 3 892 299

Country calling code  +94

Country  Vietnam
Street:  127/13Bis Ba Hom Street, Ward 13, District 6

City:   Ho Chi Minh City

State/province/area:    Ho Chi Minh City

Phone number  (84-8) 3875 0053/(84-8) 3875 0214

Country calling code  +94

Country  Vietnam
Street:  Nguyen Dang Dao

City:   Tien An Ward

State/province/area:    Bac Ninh

Phone number  241-3820985

Country calling code  +94

Country  Vietnam
Street:  86/47 Ha Noi Highway, Linh Trung Ward

City:   Thu Duc Dist.

State/province/area:    Ho Chi Minh City

Phone number  (84-61) 3914631

Country calling code  +94

Country  Vietnam
Street:  35 Nguyen Thuong Hien St.

City:   Hai Ba Trung Dist.

State/province/area:    Hanoi

Phone number  (84-4) 7336766

Country calling code  +94

Country  Vietnam
Street:  337 Kim Ma Street

City:   Ba Dinh District

State/province/area:    Hanoi

Phone number  (84-4) 37 719 198

Country calling code  +94

Country  Vietnam
Street:  155 Ham Nghi Street

City:   Hai Chau District

State/province/area:    Da Nang

Phone number  (84-511) 3 643 439

Country calling code  +94

Country  Vietnam
Street:  20 Le Hong Phong Street

City:   Ba Dinh District

State/province/area:    Hanoi

Phone number  (84-4) 3823 4142/(84-4) 3823 5465

Country calling code  +94

Country  Vietnam
Street:  308A Quang Trung, P11

City:   District Go Vap

State/province/area:    Ho Chi Minh City

Phone number  08 3921 0320

Country calling code  +94

Country  Vietnam
Street:  Road No 4

City:   Tam Phuoc Ip

State/province/area:    An Giang

Phone number  (84-61) 6280 224

Country calling code  +94

Country  Vietnam
Street:  1C Trang Tien, Trang Tien Ward

City:   Hoan Kiem District

State/province/area:    Hanoi

Phone number  (04) 39331486

Country calling code  +94

Country  Vietnam
Street:  Quang Trung, City

City:  Thanh Hoa City

State/province/area:   Thanh Hoa

Phone number  (84-37) 385 5635

Country calling code  +94

Country  Vietnam
Street:  304/51a Dao Duy Anh, 9 Ward

City:   Phu Nhuan District

State/province/area:    Ho Chi Minh City

Phone number  84-8-1825918

Country calling code  +94

Country  Vietnam
Street:  56/2A Bui Thi Xuan St Ward 5

City:   Tan Binh Dist

State/province/area:    Ho Chi Minh City

Phone number  (84-8) 9137079

Country calling code  +94

Country  Vietnam
Street:  78 Tran Hung Dao, Hoi An

City:   Quang Nam

State/province/area:    Ho Chi Minh City

Phone number  (510) 3946 946

Country calling code  +94

Country  Vietnam
Street:  231T 3/2

City:   District Ninh Kieu

State/province/area:    Can Tho

Phone number  0710.3780493

Country calling code  +94

Country  Vietnam
Street:  22 St. 5, An Lac Ward

City:   Binh Tan Dist.

State/province/area:    Ho Chi Minh City

Phone number  (84-76) 770575

Country calling code  +94

Country  Vietnam
Street:  126A+127 Dien Bien Phu StreetWard 6, Town

City:  Tra Vinh Town

State/province/area:   Tra Vinh

Phone number  (84-74) 3 862 983/(84-74) 3 862 931

Country calling code  +94

Country  Vietnam
Street:  649 Le Hong Phong, Ward 10, Dist.10

City:   Ho Chi Minh City

State/province/area:    Ho Chi Minh City

Phone number  (08) 38576156/38578257

Country calling code  +94

Country  Vietnam
Street:  Tan My Chanh Street, My Tho City

City:  My Tho City

State/province/area:   Tien Giang

Phone number  (84-73) 387 2833/(84-73) 387 2833

Country calling code  +94

Country  Vietnam
Street:  254B Highway 1

City:   Tac Van Hamlet

State/province/area:    Ca Mau

Phone number  (780) 3847472

Country calling code  +94

Country  Vietnam
Street:  Floor 5, 81C Thuy Khue Street

City:  Tay Ho District

State/province/area:    Hanoi

Phone number  (84-4) 38 470 111/(84-4) 38 472 367/(84-4) 38 472 350

Country calling code  +94

Country  Vietnam
Street:  9 Pham Dinh Ho Street

City:   Hai Ba Trung District

State/province/area:    Hanoi

Phone number  (84-4) 3821 2668

Country calling code  +94

Country  Vietnam
Street:  300 Hai Ba Trung, District 3

City:   Ho Chi Minh City

State/province/area:    Ho Chi Minh City

Phone number  08.54046595

Country calling code  +94

Country  Vietnam
Street:  Floor 9, 41 Nguyen Thi Minh Khai St., Ben Nghe Ward

City:   Ben Nghe Ward

State/province/area:    Ho Chi Minh City

Phone number  (84-8) 9102127/9102183

Country calling code  +94

Country  Vietnam
Street:  16B Da Nang St., May To Ward

City:   Ngo Quyen Dist.

State/province/area:    Haiphong

Phone number  (84-4) 5729215

Country calling code  +94

Country  Vietnam
Street:  907 Giai Phong, Giap Bat Ward

City:   Hoang Mai Dist.

State/province/area:    Hanoi

Phone number  (04) 36648767

Country calling code  +94

Country  Vietnam
Street:  No.3 , No.1 Street - Area 26B

City:   Ho Chi Minh City

State/province/area:    Ho Chi Minh City

Phone number  ( 84-8) 38944992

Country calling code  +94

Country  Vietnam
Street:  133 Dien Bien Phu Street

City:   Minh Khai Ward

State/province/area:    Hai Phong

Phone number  (84-31) 3 745 722/(84-31) 3 823 042

Country calling code  +94

Country  Vietnam
Street:  303 Hoang Hoa Tham Street

City:   Ba Dinh District

State/province/area:    Hanoi

Phone number  (84-4) 38 472 525

Country calling code  +94

Country  Vietnam
Street:  229 Bai Say St., Ward 4, Dist. 6

City:   Ho Chi Minh City

State/province/area:    Ho Chi Minh City

Phone number  (84-8) 8224702/8237881

Country calling code  +94

Country  Vietnam
Street:  Highway 51, Port of

City:   Long Binh Tan Ward

State/province/area:    Dong Nai

Phone number  (84-061) 3 831 466

Country calling code  +94

Country  Vietnam
Street:  21 Cam Ba Tuoc Street, Ward 7

City:   Phu Nhuan District

State/province/area:    Ho Chi Minh City

Phone number  (84-8) 66 839 581

Country calling code  +94

Country  Vietnam
Street:  176/9A Le Văn Sy, 10 ward

City:   Phu Nhuan District

State/province/area:    Ho Chi Minh City

Phone number  (08) 38463526

Country calling code  +94

Country  Vietnam
Street:  Unit 2, E.Town Building, 364 Cong Hoa

City:   Tan Binh District

State/province/area:    Ho Chi Minh City

Phone number  (08) 38120584

Country calling code  +94

Country  Vietnam
Street:  52 Tue Tinh Street

City:   Hanoi

State/province/area:    Hanoi

Phone number  84-4-2734022

Country calling code  +94

Country  Vietnam
Street:  58B Do Thanh Living Quarter, Ward 4, District 3

City:   Ho Chi Minh City

State/province/area:    Ho Chi Minh City

Phone number  (84-8) 3834 3691/(84-8) 3832 7725

Country calling code  +94

Country  Vietnam
Street:  11 Mau Than Street, Rach Gia Township

City:  Rach Gia Township

State/province/area:   Kien Giang

Phone number  (84-77) 3 869 516/(84-77) 3 845 845

Country calling code  +94

Country  Vietnam
Street:  88 Nguyen Du Street, District 1

City:   Ho Chi Minh City

State/province/area:    Ho Chi Minh City

Phone number  (84-8) 38 277 839

Country calling code  +94

Country  Vietnam
Street:  181 Bach Mai

City:   Hai Ba Trung

State/province/area:    Hanoi

Phone number  04. 3622 8177

Country calling code  +94

Country  Vietnam
Street:  12A13 Me Linh, Ward 19

City:   Binh Thanh Dist.

State/province/area:    Ho Chi Minh City

Phone number  (08) 38400142

Country calling code  +94

Country  Vietnam
Street:  09 Cao Trieu Phat Street, Hung Phuoc 1, Tan Phong Ward

City:   Tan Phong Ward

State/province/area:    Ho Chi Minh City

Phone number  (84-8) 5411 1037

Country calling code  +94

Country  Vietnam
Street:  63 Nguyen Son Street

City:   Gia Lam District

State/province/area:    Hanoi

Phone number  (84-4) 38 733 744

Country calling code  +94

Country  Vietnam
Street:  Lot B,Binh Chieu Ward, Thu Duc District

City:   Ho Chi Minh City

State/province/area:    Ho Chi Minh City

Phone number  (84-8) 37 294 160/(84-8) 38 965 635/(84-8) 38 965 694

Country calling code  +94

Country  Vietnam
Street:  Road 10 Hoa Khanh IZ.

City:   Lien Chieu Dist.

State/province/area:    Danang

Phone number  511-3736217

Country calling code  +94

Country  Vietnam
Street:  Dong Tu Group

City:   Lai Thieu Townlet

State/province/area:    Binh Duong

Phone number  (650) 3755942

Country calling code  +94

Country  Vietnam
Street:  Building.C3, Giai Phong, Phuong Liet Ward

City:   Hai Ba Trung District

State/province/area:    Hanoi

Phone number  (04) 38687290

Country calling code  +94

Country  Vietnam
Street:  32 Giang Cao, Bat Trang Village

City:   Gia Lam District

State/province/area:    Hanoi

Phone number  (84-4) 38 74 0761

Country calling code  +94

Country  Vietnam
Street:  414 Hamlet 2aLoc Ninh Town, Loc Ninh District

City:  Loc Ninh District

State/province/area:   Binh Phuoc

Phone number  (84-651) 3 568 342

Country calling code  +94

Country  Vietnam
Street:  1a Hamlet

City:   Loc Ninh Town

State/province/area:    Binh Phuoc

Phone number  (84-651) 3 568 171

Country calling code  +94

Country  Vietnam
Street:  27 Luong Dinh Cua streetward 6Ca Mau city-( 27 Lương Định Của, Phường 6

City:   Tp. Cà Mau)

State/province/area:    Ca Mau

Phone number  (84-830) 3 883 683

Country calling code  +94

Country  Vietnam
Street:  38-40 Nguyen Cong Hoan St.

City:   Ba Dinh Dist.

State/province/area:    Hanoi

Phone number  (84-8) 9570958

Country calling code  +94

Country  Vietnam
Street:  37 Hung Vuong

City:   Da Lat

State/province/area:    Lam Dong

Phone number  (63) 354 0345

Country calling code  +94

Country  Vietnam
Street:  Phu Rieng Do Street

City:   Tan Binh Ward

State/province/area:    Binh Phuoc

Phone number  (84-651) 3 880 173

Country calling code  +94

Country  Vietnam
Street:  133/22 Nguyen Chi Thanh Street, Ward 9, District 5

City:   Ho Chi Minh City

State/province/area:    Ho Chi Minh City

Phone number  (84-8) 12 570 912

Country calling code  +94

Country  Vietnam
Street:  118 Quang Trung

City:   Ha Dong

State/province/area:    Hanoi

Phone number  04.33552796

Country calling code  +94

Country  Vietnam
Street:  31C TAN HOA DONG STREET, WARD 13, DISTRICT 6

City:   Ho Chi Minh City

State/province/area:    Ho Chi Minh City

Phone number  (84-8) 3751 8428

Country calling code  +94

Country  Vietnam
Street:  Km3, Thanh Binh Ward

City:  Thanh Binh Ward

State/province/area:   Hai Duong

Phone number  320-3890297

Country calling code  +94

Country  Vietnam
Street:  107A Highway 1 , quater 8

City:   Tan Phong Ward

State/province/area:    Dong Nai

Phone number  (84-61) 8 871 527

Country calling code  +94

Country  Vietnam
Street:  347B Tay Son Street

City:   Dong Da District

State/province/area:    Hanoi

Phone number  (84-4) 3853 3372

Country calling code  +94

Country  Vietnam
Street:  Group 4, Be Van Dan Street, Hop Giang Ward

City:   Cao Bang Province

State/province/area:    Cao Bang

Phone number  (84-26) 3 852 370

Country calling code  +94

Country  Vietnam
Street:  No. 36 Linh Nam, Mai Dong, District Hoang Mai

City:   Ha Noi

State/province/area:    Hanoi

Phone number  04. 3.6335557

Country calling code  +94

Country  Vietnam
Street:  National Highway 1A, Dinh Hamlet

City:   Khanh Hau Ward

State/province/area:    Long An

Phone number  (84-72) 3 511 597

Country calling code  +94

Country  Vietnam
Street:  643 Ap Ngu Phuc, Ho Nai 3, Trang Bom

City:   Dong Nai

State/province/area:    Dong Nai

Phone number  0631.8889375

Country calling code  +94

Country  Vietnam
Street:  332/125/15 DUONG QUANG HAM STREET, WARD 5

City:   Go Vap District

State/province/area:    Ho Chi Minh City

Phone number  (84-8) 3588 6124

Country calling code  +94

Country  Vietnam
Street:  401/4B Kinh Duong Vuong Street, Ward 12, District 6

City:   Ho Chi Minh City

State/province/area:    Ho Chi Minh City

Phone number  (84-8) 37 518 127/(84-8) 38 753 374

Country calling code  +94

Country  Vietnam
Street:  73 Nui Truc Street

City:   Ba Dinh District .

State/province/area:    Hanoi

Phone number  (84-4) 62 732 037

Country calling code  +94

Country  Vietnam
Street:  367 BA HAT STREET, WARD 7, DISTRICT 10

City:   Ho Chi Minh City

State/province/area:    Ho Chi Minh City

Phone number  (84-8) 3927 0815

Country calling code  +94

Country  Vietnam
Street:  117Xo Viet Nghe Tinh Street, Ward 17, Binh Thanh District

City:   Ho Chi Minh City

State/province/area:    Ho Chi Minh City

Phone number  (84-8) 38 991 796/(84-8) 38 400 125

Country calling code  +94

Country  Vietnam
Street:  499 Hau Giang Street, Ward 11, District 6

City:   Ho Chi Minh City

State/province/area:    Ho Chi Minh City

Phone number  (84-8)3 8764217/(84-8)38766812/(84-8)38768739

Country calling code  +94

Country  Vietnam
Street:  Dong An Industrial Park, Thuan An District

City:  Thuan An District

State/province/area:   Binh Duong

Phone number  (84-650) 3 783 162

Country calling code  +94

Country  Vietnam
Street:  501 LE QUANG DINH STREET, WARD 1

City:   Go Vap District

State/province/area:    Ho Chi Minh City

Phone number  (84-8) 3985 4136

Country calling code  +94

Country  Vietnam
Street:  290 Nguyen Trai Street

City:  Tu Liem District .

State/province/area:    Hanoi

Phone number  (84-4) 38 545 540

Country calling code  +94

Country  Vietnam